{
  "minX": 850.9375,
  "minY": 245,
  "maxX": 1965.43138108,
  "maxY": 1210.55586862,
  "width": 1114.49388108,
  "height": 965.55586862
}